-- seed.sql — generado por scripts/excel_to_seed.py (NO editar a mano)
-- Fuente: STAG SAMAVI — Dashboard 2026.xlsx · hoja '⚙️ Parámetros'
begin;
truncate table events, general_expenses, listings restart identity cascade;

insert into listings (codigo, listing_nickname, ciudad, banco, modelo, fecha_inicio,
  renta_base, comision_pct, iva_pct, irpf_pct, limpieza_por_reserva, suministros_mes,
  comunidad_ibi_mes, minut, akiles, amenities, pricelabs, guesty_fee, extras,
  mobiliario_fin, propietario, nif, iban, pasivo_base) values
  ('1A_NICA', 'MAD_NICASIO', 'Madrid', 'Revolut', 'titular', '2024-06-01', 0.0, 0.0, 0.0, 0.0, 53.72, 215.0, 402.78, 7.81, 6.05, 80.0, 13.91, 33.0, 0.0, 0.0, '—', 'n/a', 'n/a', 0.0),
  ('4B_ALEX', 'MAD_ALEXANDER', 'Madrid', 'BBVA', 'subarriendo', '2025-10-01', 1414.22, 0.0, 0.21, 0.19, 43.8, 145.0, 0.0, 7.81, 6.05, 80.0, 13.91, 30.0, 0.0, 162.77, 'PENDIENTE', 'PENDIENTE', 'PENDIENTE', 0.0),
  ('3G_MARE', 'MAD_MARECHAL', 'Madrid', 'BBVA', 'subarriendo', '2025-12-01', 1100.0, 0.0, 0.21, 0.19, 43.8, 125.0, 0.0, 7.81, 6.05, 80.0, 13.91, 30.0, 0.0, 0.0, 'PENDIENTE', 'PENDIENTE', 'PENDIENTE', 0.0),
  ('1A_JACO', 'SEV_JACOBINE', 'Sevilla', 'Revolut', 'comision', '2025-06-01', 0.0, 0.3025, 0.0, 0.0, 0.0, 10.79, 0.0, 7.81, 0.0, 0.0, 13.91, 30.0, 12.55, 0.0, 'PENDIENTE', 'PENDIENTE', 'PENDIENTE', 20985.83);

insert into general_expenses (concepto, importe_mes) values
  ('Asesor Confisic', 181.5),
  ('Seguro RC', 18.25),
  ('Hostinger', 12.74),
  ('Google Workspace', 15.94),
  ('Revolut Business cuota', 43.0),
  ('Sueldo Stag bruto', 3333.33),
  ('TGSS RETA Stag', 370.75),
  ('Claude.ai', 200.0),
  ('Comisión Revolut', 43.0),
  ('Viajes corporativos', 50.0),
  ('Otros AEAT/admin', 50.0),
  ('Brand Partners (marketing)', 500.0);

insert into events (anio, mes, propiedad_codigo, categoria, concepto, importe, notas) values
  (2026, 1, 'SAMAVI_GEN', 'SAMAVI_GEN', 'Sequra', -304.34, 'ene-mar 2026'),
  (2026, 2, 'SAMAVI_GEN', 'SAMAVI_GEN', 'Sequra', -304.34, NULL),
  (2026, 3, 'SAMAVI_GEN', 'SAMAVI_GEN', 'Sequra', -304.34, NULL),
  (2026, 5, '4B_ALEX', 'RENTA', 'Termo descuento renta', 191.53, 'crédito termo Alberto mayo'),
  (2026, 6, '4B_ALEX', 'RENTA', 'Termo descuento renta', 191.53, 'crédito termo Alberto junio'),
  (2026, 5, '3G_MARE', 'RENTA', 'Plan AA mayo (renta total descontada)', 1100.0, 'renta efectiva 0'),
  (2026, 6, '3G_MARE', 'RENTA', 'Plan AA junio (prorrata)', 500.0, 'renta efectiva 600'),
  (2026, 11, '4B_ALEX', 'RENTA', 'Renta sube Q4', -200.58, '1.614,80 - 1.414,22'),
  (2026, 12, '4B_ALEX', 'RENTA', 'Renta sube Q4', -200.58, NULL),
  (2026, 1, '4B_ALEX', 'OTROS', 'Mobiliario Klarna-Sklum', -162.77, 'financiación ene-oct 2026'),
  (2026, 2, '4B_ALEX', 'OTROS', 'Mobiliario Klarna-Sklum', -162.77, NULL),
  (2026, 3, '4B_ALEX', 'OTROS', 'Mobiliario Klarna-Sklum', -162.77, NULL),
  (2026, 4, '4B_ALEX', 'OTROS', 'Mobiliario Klarna-Sklum', -162.77, NULL),
  (2026, 5, '4B_ALEX', 'OTROS', 'Mobiliario Klarna-Sklum', -162.77, NULL),
  (2026, 6, '4B_ALEX', 'OTROS', 'Mobiliario Klarna-Sklum', -162.77, NULL),
  (2026, 7, '4B_ALEX', 'OTROS', 'Mobiliario Klarna-Sklum', -162.77, NULL),
  (2026, 8, '4B_ALEX', 'OTROS', 'Mobiliario Klarna-Sklum', -162.77, NULL),
  (2026, 9, '4B_ALEX', 'OTROS', 'Mobiliario Klarna-Sklum', -162.77, NULL),
  (2026, 10, '4B_ALEX', 'OTROS', 'Mobiliario Klarna-Sklum', -162.77, NULL),
  (2026, 5, 'SAMAVI_GEN', 'SAMAVI_GEN', 'Brand Partners ongoing', -500.0, 'inicio mayo'),
  (2026, 6, 'SAMAVI_GEN', 'SAMAVI_GEN', 'Brand Partners ongoing', -500.0, NULL),
  (2026, 7, 'SAMAVI_GEN', 'SAMAVI_GEN', 'Brand Partners ongoing', -500.0, NULL),
  (2026, 8, 'SAMAVI_GEN', 'SAMAVI_GEN', 'Brand Partners ongoing', -500.0, NULL),
  (2026, 9, 'SAMAVI_GEN', 'SAMAVI_GEN', 'Brand Partners ongoing', -500.0, NULL),
  (2026, 10, 'SAMAVI_GEN', 'SAMAVI_GEN', 'Brand Partners ongoing', -500.0, NULL),
  (2026, 11, 'SAMAVI_GEN', 'SAMAVI_GEN', 'Brand Partners ongoing', -500.0, NULL),
  (2026, 12, 'SAMAVI_GEN', 'SAMAVI_GEN', 'Brand Partners ongoing', -500.0, NULL),
  (2026, 5, 'SAMAVI_GEN', 'SAMAVI_GEN', 'Brand Partners setup', -1400.0, 'one-time mayo'),
  (2026, 1, '1A_JACO', 'OTROS', 'Modesto neto (sueldo+TGSS-refactura)', 11.67, '484+204,33-700, a favor Samavi'),
  (2026, 2, '1A_JACO', 'OTROS', 'Modesto neto (sueldo+TGSS-refactura)', 11.67, '484+204,33-700, a favor Samavi'),
  (2026, 3, '1A_JACO', 'OTROS', 'Modesto neto (sueldo+TGSS-refactura)', 11.67, '484+204,33-700, a favor Samavi'),
  (2026, 4, '1A_JACO', 'OTROS', 'Modesto neto (sueldo+TGSS-refactura)', 11.67, '484+204,33-700, a favor Samavi'),
  (2026, 5, '1A_JACO', 'OTROS', 'Modesto neto (sueldo+TGSS-refactura)', 11.67, '484+204,33-700, a favor Samavi'),
  (2026, 6, '1A_JACO', 'OTROS', 'Modesto neto (sueldo+TGSS-refactura)', 11.67, '484+204,33-700, a favor Samavi'),
  (2026, 7, '1A_JACO', 'OTROS', 'Modesto neto (sueldo+TGSS-refactura)', 11.67, '484+204,33-700, a favor Samavi'),
  (2026, 8, '1A_JACO', 'OTROS', 'Modesto neto (sueldo+TGSS-refactura)', 11.67, '484+204,33-700, a favor Samavi'),
  (2026, 9, '1A_JACO', 'OTROS', 'Modesto neto (sueldo+TGSS-refactura)', 11.67, '484+204,33-700, a favor Samavi'),
  (2026, 10, '1A_JACO', 'OTROS', 'Modesto neto (sueldo+TGSS-refactura)', 11.67, '484+204,33-700, a favor Samavi'),
  (2026, 11, '1A_JACO', 'OTROS', 'Modesto neto (sueldo+TGSS-refactura)', 11.67, '484+204,33-700, a favor Samavi'),
  (2026, 12, '1A_JACO', 'OTROS', 'Modesto neto (sueldo+TGSS-refactura)', 11.67, '484+204,33-700, a favor Samavi');

commit;
